,,conversion,click,cvr,click percentage of total data
4,keywordanalyserv2,6521,104031,0.06268323865001778,83.66992399565689
5,nofilteranalyser,1,8809,0.00011352026336701102,7.0848916234366826
6,phraseanalyser,486,7537,0.06448188934589359,6.061849036876181
3,forcedanalyser,6,1904,0.0031512605042016808,1.5313467647886758
2,contextualanalyser,233,1469,0.15861130020422057,1.1814855028752966
1,categoryanalyser,42,352,0.11931818181818182,0.2831061245827804
0,broadanalyserv2,12,233,0.05150214592274678,0.18739695178348817
